b1	b2	b3	aa	m
T	T	T	F	-
T	T	C	F	-
T	T	A	L	-
T	T	G	L	M
T	C	T	S	-
T	C	C	S	-
T	C	A	S	-
T	C	G	S	-
T	A	T	Y	-
T	A	C	Y	-
T	A	A	*	*
T	A	G	*	*
T	G	T	C	-
T	G	C	C	-
T	G	A	*	*
T	G	G	W	-
C	T	T	L	-
C	T	C	L	-
C	T	A	L	-
C	T	G	L	M
C	C	T	P	-
C	C	C	P	-
C	C	A	P	-
C	C	G	P	-
C	A	T	H	-
C	A	C	H	-
C	A	A	Q	-
C	A	G	Q	-
C	G	T	R	-
C	G	C	R	-
C	G	A	R	-
C	G	G	R	-
A	T	T	I	-
A	T	C	I	-
A	T	A	I	-
A	T	G	M	M
A	C	T	T	-
A	C	C	T	-
A	C	A	T	-
A	C	G	T	-
A	A	T	N	-
A	A	C	N	-
A	A	A	K	-
A	A	G	K	-
A	G	T	S	-
A	G	C	S	-
A	G	A	R	-
A	G	G	R	-
G	T	T	V	-
G	T	C	V	-
G	T	A	V	-
G	T	G	V	-
G	C	T	A	-
G	C	C	A	-
G	C	A	A	-
G	C	G	A	-
G	A	T	D	-
G	A	C	D	-
G	A	A	E	-
G	A	G	E	-
G	G	T	G	-
G	G	C	G	-
G	G	A	G	-
G	G	G 	G	-
